<?xml version="1.0" encoding="UTF-8" standalone="yes"?>
<addon id="5th-Avenue" name="5th-Avenue" version="0.0.1" provider-name="moodswings">
	<extension point="xbmc.addon.repository" name="5th-Avenue">
		<dir>
			<info compressed="false">https://raw.githubusercontent.com/totalrevolution/python-koding/master/zips/addons.xml</info>
			<checksum>https://raw.githubusercontent.com/totalrevolution/python-koding/master/zips/addons.xml.md5</checksum>
			<datadir zip="true">https://raw.githubusercontent.com/totalrevolution/python-koding/master/zips/</datadir>
		</dir>
		<info compressed="false">https://raw.githubusercontent.com/moodswings/5th-Avenue/master/zips/addons.xml</info>
		<checksum>https://raw.githubusercontent.com/moodswings/5th-Avenue/master/zips/addons.xml.md5</checksum>
		<datadir zip="true">https://raw.githubusercontent.com/moodswings/5th-Avenue/master/zips/</datadir>
	</extension>
	<extension point="xbmc.addon.metadata">
		<summary lang="en">trial repo</summary>
		<description lang="en">trial repo</description>
		<genre>movies,music,tvshows,usa</genre>
	</extension>
</addon>